Tick;18
Tick;18
Tick;19
Tick;17
Tick;17
Tick;15
Tick;14
Tick;16
Tick;14
Tick;18
Tick;16
Tick;19
Tick;18
Tick;16
Tick;15
Tick;17
Tick;19
Tick;15
Tick;18
Tick;18
Tick;16
Tick;15
Tick;20
Tick;16
Tick;14
Tick;16
Tick;20
Tick;21
Tick;14
Tick;17
Tick;19
Tick;19
Tick;20
Tick;19
Tick;16
Tick;16
Tick;19
Tick;17
Tick;16
Tick;16
Tick;16
Tick;15
Tick;16
Tick;18
Tick;16
Tick;14
Tick;19
Tick;19
Tick;14
Tick;14
Tick;15
Tick;17
Tick;15
Tick;19
Tick;15
Tick;17
Tick;17
Tick;15
Tick;19
Tick;16
Tick;15
Tick;18
Tick;16
Tick;18
Tick;15
Tick;14
Tick;16
Tick;18
Tick;15
Tick;20
Tick;15
Tick;16
Tick;17
Tick;14
Tick;15
Tick;17
Tick;14
Tick;16
Tick;18
Tick;17
Tick;15
Tick;18
Tick;16
Tick;16
Tick;15
Tick;18
Tick;14
Tick;19
Tick;17
Tick;17
Tick;15
Tick;18
Tick;18
Tick;15
Tick;15
Tick;17
Tick;15
Tick;17
Tick;17
Tick;15
Tick;16
Tick;17
Tick;16
Tick;15
Tick;18
Tick;18
Tick;18
Tick;16
Tick;18
Tick;19
Tick;19
Tick;15
Tick;16
Tick;16
Tick;19
Tick;14
Tick;16
Tick;16
Tick;20
Tick;17
Tick;19
Tick;17
Tick;15
Tick;16
Tick;16
Tick;20
Tick;15
Tick;15
Tick;14
Tick;19
Tick;18
Tick;21
Tick;15
Tick;18
Tick;18
Tick;16
Tick;15
Tick;15
Tick;15
Tick;16
Tick;17
Tick;16
Tick;18
Tick;16
Tick;19
Tick;16
Tick;15
Tick;17
Tick;16
Tick;16
Tick;16
Tick;16
Tick;21
Tick;15
Tick;18
Tick;18
Tick;19
Tick;17
Tick;18
Tick;17
Tick;16
Tick;16
Tick;15
Tick;16
Tick;19
Tick;18
Tick;19
Tick;16
Tick;16
Tick;16
Tick;20
Tick;14
Tick;19
Tick;14
Tick;18
Tick;15
Tick;20
Tick;18
Tick;20
Tick;17
Tick;17
Tick;20
Tick;16
Tick;15
Tick;14
Tick;16
Tick;15
Tick;14
Tick;16
Tick;18
Tick;16
Tick;18
Tick;18
Tick;16
Tick;18
Tick;17
Tick;18
Tick;17
Tick;16
Tick;16
Tick;17
Tick;15
Tick;19
Tick;15
Tick;17
Tick;18
Tick;16
Tick;15
Tick;15
Tick;15
Tick;16
Tick;16
Tick;15
Tick;16
Tick;17
Tick;20
Tick;15
Tick;17
Tick;19
Tick;15
Tick;16
Tick;15
Tick;16
Tick;19
Tick;18
Tick;17
Tick;15
Tick;17
Tick;16
Tick;18
Tick;17
Tick;14
Tick;18
Tick;17
Tick;18
Tick;16
Tick;16
Tick;15
Tick;19
Tick;16
Tick;17
Tick;19
Tick;18
Tick;15
Tick;15
Tick;18
Tick;16
Tick;16
Tick;18
Tick;18
Tick;17
Tick;16
Tick;16
Tick;17
Tick;15
Tick;14
Tick;16
Tick;16
Tick;14
Tick;16
Tick;19
Tick;17
Tick;17
Tick;16
Tick;17
Tick;20
Tick;14
Tick;17
Tick;18
Tick;19
Tick;17
Tick;17
Tick;15
Tick;17
Tick;15
Tick;15
Tick;16
Tick;14
Tick;15
Tick;15
Tick;16
Tick;18
Tick;16
Tick;14
Tick;17
Tick;18
Tick;15
Tick;15
Tick;15
Tick;17
Tick;17
Tick;14
Tick;16
Tick;17
Tick;16
Tick;20
Tick;20
Tick;17
Tick;21
Tick;16
Tick;17
Tick;19
Tick;17
Tick;16
Tick;18
Tick;18
Tick;16
Tick;16
Tick;18
Tick;18
Tick;15
Tick;16
Tick;17
Tick;18
Tick;19
Tick;17
Tick;16
Tick;14
Tick;14
Tick;14
Tick;18
Tick;18
Tick;19
Tick;17
Tick;17
Tick;18
Tick;14
Tick;16
Tick;15
Tick;17
Tick;16
Tick;17
Tick;15
Tick;16
Tick;17
Tick;17
Tick;15
Tick;17
Tick;14
Tick;15
Tick;16
Tick;17
Tick;17
Tick;16
Tick;17
Tick;15
Tick;17
Tick;16
Tick;16
Tick;16
Tick;16
Tick;17
Tick;18
Tick;19
Tick;16
Tick;16
Tick;16
Tick;21
Tick;15
Tick;16
Tick;18
Tick;16
Tick;19
Tick;16
Tick;17
Tick;17
Tick;15
Tick;17
Tick;17
Tick;14
Tick;15
Tick;17
Tick;15
Tick;15
Tick;15
Tick;17
Tick;17
Tick;15
Tick;16
Tick;16
Tick;16
Tick;16
Tick;16
Tick;19
Tick;17
Tick;15
Tick;15
Tick;17
Tick;16
Tick;20
Tick;19
Tick;16
Tick;16
Tick;16
Tick;14
Tick;18
Tick;17
Tick;14
Tick;15
Tick;17
Tick;19
Tick;15
Tick;17
Tick;17
Tick;17
Tick;17
Tick;14
Tick;16
Tick;18
Tick;15
Tick;16
Tick;16
Tick;15
Tick;20
Tick;16
Tick;21
Tick;17
Tick;16
Tick;16
Tick;17
Tick;17
Tick;16
Tick;16
Tick;15
Tick;15
Tick;18
Tick;18
Tick;15
Tick;20
Tick;15
Tick;16
Tick;16
Tick;16
Tick;18
Tick;16
Tick;15
Tick;18
Tick;20
Tick;18
Tick;16
Tick;17
Tick;17
Tick;16
Tick;17
Tick;15
Tick;16
Tick;18
Tick;16
Tick;16
Tick;21
Tick;17
Tick;17
Tick;17
Tick;19
Tick;16
Tick;15
Tick;17
Tick;16
Tick;18
Tick;18
Tick;16
Tick;18
Tick;18
Tick;17
Tick;19
Tick;16
Tick;16
Tick;17
Tick;15
Tick;16
Tick;16
Tick;16
Tick;18
Tick;15
Tick;16
Tick;17
Tick;15
Tick;16
Tick;18
Tick;16
Tick;14
Tick;16
Tick;16
Tick;15
Tick;16
Tick;17
Tick;18
Tick;16
Tick;15
Tick;15
Tick;14
Tick;15
Tick;15
Tick;16
Tick;16
Tick;18
Tick;16
Tick;18
Tick;17